{
    "en":{
        "no-console":"This command can be only executed by in-game players!",
        "region-defining-error":"Sorry but you aren't defining any region!",
        "first-point-defined":"Success!\nFirst point defined at",
        "second-point-defined":"Success!\nSecond point defined at",
        "region-created":"Region '%rname%' successfully defined!\n§rNow you can edit the flags using",
        "error-already":"Error: you already have a region called",
        "not-defined-region":"Error: you haven't defined the pos1 with /wg pos1 or you are not defining a region!",
        "error-region-command-args":"Error!\nAt least 1 argument is expected with the command /region!",
        "all-regions":"All regions of this server:",
        "no-name-defined":"Error: you have not defined a name!",
        "already-defining-error":"Error: it seems that you are already defining a region!\nPlease finish the definition and try again!",
        "create-success":"Success!\nTo define the region plase use /wg pos1 and /wg pos2!",
        "region-not-found":"Error: region '%rname%' does not exists in this server!",
        "region-deleted":"Success!\nThe region '%rname%' has been successfully deleted!",
        "available-tags":"Available flags",
        "flag-removed":"Success!\nFlag '%flagname%' successfully removed for region",
        "flag-added":"Success!\nFlag '%flagname%' successfully added for region",
        "player-added":"Success!\nPlayer %pname% successfully added to region whitelist!",
        "player-removed":"Success!\nPlayer %pname% successfully removed from region whitelist!",
        "flag-not-exists":"Error: flag '%flagname%' does not exists!"
    },
    "it":{
        "no-console":"Questo comando può essere eseguito solo da player in gioco!",
        "region-defining-error":"Scusa ma non stai definendo nessuna regione!",
        "first-point-defined":"Successo!\nIl primo punto è stato definito a",
        "second-point-defined":"Successo!\nIl secondo punto è stato definito a",
        "region-created":"La regione '%rname%' è stata definita con successo!\n§rOra puoi modificare le proprietà usando",
        "error-already":"Errore: hai già una regione chiamata",
        "not-defined-region":"Errore: non hai definito il primo punto con /wg pos1 oppure non stai definendo una regione!",
        "error-region-command-args":"Errore!\nAlmeno un argomento è richiesto per il comando /region (/rg)!",
        "all-regions":"Tutte le regioni del server:",
        "no-name-defined":"Errore: non hai definito un nome!",
        "already-defining-error":"Errore: sembra che tu stia già definendo una regione!\nPer favore, finisci la definizione e riprova!",
        "create-success":"Successo!\nPer definire la regione usa /wg pos1 e /wg pos2!",
        "region-not-found":"Errore: la regione '%rname%' non esiste in questo server!",
        "region-deleted":"Successo!\nLa regione '%rname%' è stata eliminata con successo!",
        "available-tags":"Proprietà disponibili:",
        "flag-removed":"Successo!\nLa proprietà '%flagname%' è stata rimossa con successo dalla regione",
        "flag-added":"Successo!\nLa proprietà '%flagname%' successfully è stata aggiunta con successo alla regione",
        "player-added":"Successo!\nIl player %pname% è stato aggiunto con successo alla whitelist della regione!",
        "player-removed":"Successo!\nIl player %pname% è stato rimosso con successo dalla whitelist della regione!",
        "flag-not-exists":"Errore: la proprietà '%flagname%' non esiste!"
    }
}